"","","","","","",""
"a.temp",-6115553.16967925,-4142367.45919096,6476.41325205563,11225.6849372943,10211.7518688713,4992.52433658555
"a.temp",-6115553.16967925,-4142517.45919096,6611.52505942478,11111.0997345625,10067.2097043518,4971.67318429108
"a.temp",-6115553.16967925,-4142667.45919096,6747.26601012602,10997.3666080292,9922.82954763388,4955.27690965894
"a.temp",-6115403.16967925,-4141467.45919096,5607.92007890639,11839.6850174063,11046.3258702338,5065.51460874398
"a.temp",-6115403.16967925,-4141617.45919096,5739.95667330351,11719.5851595266,10900.4655970007,5018.13443935082
"a.temp",-6115403.16967925,-4141767.45919096,5872.85600124859,11600.1815206227,10754.719207464,4974.82745946016
"a.temp",-6115403.16967925,-4141917.45919096,6006.56079727839,11481.4958220345,10609.0913951853,4935.70088755375
"a.temp",-6115403.16967925,-4142067.45919096,6141.01845066449,11363.5505591956,10463.5871110913,4900.85484904408
"a.temp",-6115403.16967925,-4142217.45919096,6276.18057511109,11246.3690278861,10318.211581054,4870.38122238896
"a.temp",-6115403.16967925,-4142367.45919096,6412.0026209759,11129.975350889,10172.9703249049,4844.36252270606
"a.temp",-6115403.16967925,-4142517.45919096,6548.44352586184,11014.3945049828,10027.8691770184,4822.8708516193
"a.temp",-6115403.16967925,-4142667.45919096,6685.46539976103,10899.6523481896,9882.91430861343,4805.96694239558
"a.temp",-6115403.16967925,-4142817.45919096,6823.03324126462,10785.7756471844,9738.11225194063,4793.69932843093
"a.temp",-6115253.16967925,-4141317.45919096,5404.65369948912,11872.5715542757,11158.9394312988,4976.92196557256
"a.temp",-6115253.16967925,-4141917.45919096,5940.84351009195,11389.9119975264,10573.8956506765,4790.47933420016
"a.temp",-6115253.16967925,-4142667.45919096,6626.48448360078,10803.1370588082,9845.12286522601,4656.7013272701
"a.temp",-6115253.16967925,-4142817.45919096,6765.25177738434,10688.2320947571,9699.75665835985,4644.03943258444
"a.temp",-6115253.16967925,-4142967.45919096,6904.48887401537,10574.2063679217,9554.53370036425,4636.1985776495
"a.temp",-6115103.16967925,-4141317.45919096,5335.74086808959,11785.9367176052,11127.5054810769,4837.59250572004
"a.temp",-6115103.16967925,-4141767.45919096,5741.52728909317,11420.1536465757,10687.2766985512,4687.11065064596
"a.temp",-6115103.16967925,-4142817.45919096,6710.32641615905,10591.9145725122,9663.57740339447,4494.40221290877
"a.temp",-6115103.16967925,-4142967.45919096,6850.67993788953,10476.8406168747,9517.80243708579,4486.29983966735
"a.temp",-6115103.16967925,-4143117.45919096,6991.43408832566,10362.6600982275,9372.16080908753,4483.20435084096
"a.temp",-6114953.16967925,-4141167.45919096,5134.84611370208,11824.682588188,11245.309788147,4758.95106629587
"a.temp",-6114953.16967925,-4141317.45919096,5270.19730289118,11700.5834602978,11098.0100572758,4698.92011545192
"a.temp",-6114953.16967925,-4141467.45919096,5406.32172659022,11577.0975771735,10950.7836354937,4642.96082811375
"a.temp",-6114953.16967925,-4141617.45919096,5543.16241972049,11454.2447726332,10803.6335198578,4591.22208691747
"a.temp",-6114953.16967925,-4142967.45919096,6799.75474641564,10380.7291801393,9483.30175790037,4336.40810480279
"a.temp",-6114953.16967925,-4143117.45919096,6941.54158752954,10265.4796922207,9337.12199938484,4333.20553994377
"a.temp",-6114953.16967925,-4143267.45919096,7083.66674903628,10151.1382766366,9191.06534801034,4335.19379629093
"a.temp",-6114803.16967925,-4139967.45919096,4008.71720272221,12760.8458697453,12401.4419013031,5247.12152054802
"a.temp",-6114803.16967925,-4140117.45919096,4137.40844145233,12631.6951479758,12253.3504084146,5157.95688731481
"a.temp",-6114803.16967925,-4140267.45919096,4267.49148931794,12503.0099300686,12105.3059123425,5071.66188259808
"a.temp",-6114803.16967925,-4141017.45919096,4934.89195539288,11867.0945185161,11365.8526398768,4688.59565876592
"a.temp",-6114803.16967925,-4142967.45919096,6751.77855171525,10285.907218685,9451.05609079727,4186.52412526183
"a.temp",-6114803.16967925,-4143117.45919096,6894.5520965036,10169.583192609,9304.36973853664,4183.20681432312
"a.temp",-6114803.16967925,-4143267.45919096,7037.62627676422,10054.1512476885,9157.79073965967,4185.266329805
"a.temp",-6114653.16967925,-4139817.45919096,3802.80522922236,12815.9666553637,12527.0257935152,5222.31732580453
"a.temp",-6114653.16967925,-4140417.45919096,4329.5112439398,12297.2005477424,11933.6379713562,4863.28471831522
"a.temp",-6114653.16967925,-4140867.45919096,4735.99753076385,11913.1333540507,11489.0478383283,4626.90428379479
"a.temp",-6114653.16967925,-4142817.45919096,6563.38537733402,10310.6595963302,9568.33711944747,4045.6517709016
"a.temp",-6114653.16967925,-4143267.45919096,6994.50016880422,9958.47911638098,9126.86037098171,4035.34425438518
"a.temp",-6114653.16967925,-4143417.45919096,7138.72310790958,9842.85737534565,8979.88948881869,4043.04813864484
"a.temp",-6114653.16967925,-4144017.45919096,7717.81754198701,9390.10017579134,8393.07781635537,4128.58065821654
"a.temp",-6114503.16967925,-4140567.45919096,4400.89213812395,12091.6097072059,11763.290323349,4655.24674441629
"a.temp",-6114503.16967925,-4140717.45919096,4538.30217277357,11962.7572202814,11614.8109856078,4574.22750324014
"a.temp",-6114503.16967925,-4143417.45919096,7099.38142456104,9747.41967452906,8950.85829579468,3893.4287268935
"a.temp",-6114503.16967925,-4143567.45919096,7244.62225456941,9631.60035048155,8803.50494015858,3907.1757384842
"a.temp",-6114503.16967925,-4144017.45919096,7681.44235228011,9290.01239565354,8362.00958091993,3982.17619542377
"a.temp",-6114503.16967925,-4144167.45919096,7827.38089091125,9178.22778707287,8215.04955745227,4018.07942323193
"a.temp",-6114353.16967925,-4139517.45919096,3393.28095084991,12935.9433096854,12785.0539002147,5198.38688935309
"a.temp",-6114353.16967925,-4139667.45919096,3525.29298234926,12803.2872463049,12636.1164220418,5095.14094519456
"a.temp",-6114353.16967925,-4139817.45919096,3658.69178961565,12671.0180850394,12487.2043801403,4994.26633765143
"a.temp",-6114353.16967925,-4140567.45919096,4341.96966956257,12015.9217004521,11743.0595771032,4530.87974364786
"a.temp",-6114353.16967925,-4143567.45919096,7208.98055285228,9536.40783059305,8776.45419468458,3758.1340119
"a.temp",-6114353.16967925,-4143717.45919096,7355.11628809514,9420.38265206867,8628.73010537452,3778.33379300978
"a.temp",-6114353.16967925,-4143867.45919096,7501.4045759046,9305.3288126426,8481.08591109633,3804.34504894071
"a.temp",-6114353.16967925,-4148067.45919096,11635.9121091303,6673.38926718635,4412.05147651274,6185.92121283494
"a.temp",-6114203.16967925,-4139967.45919096,3730.84569654134,12467.9823272009,12320.8586239513,4782.51819143412
"a.temp",-6114203.16967925,-4140117.45919096,3868.79110464769,12335.7658177916,12171.7867312649,4684.518678733
"a.temp",-6114203.16967925,-4140267.45919096,4007.60272624435,12203.9605584169,12022.7379257553,4589.33004385154
"a.temp",-6114203.16967925,-4140417.45919096,4147.19358258102,12072.5800188442,11873.7130768515,4497.13077988604
"a.temp",-6114203.16967925,-4140567.45919096,4287.48756399378,11941.6382172378,11724.7130980419,4408.10846638312
"a.temp",-6114203.16967925,-4143267.45919096,6883.13733782803,9679.73932042574,9048.36599786925,3585.61713675617
"a.temp",-6114203.16967925,-4143717.45919096,7323.08573016884,9325.44681564355,8603.74524445004,3630.20044231716
"a.temp",-6114203.16967925,-4143867.45919096,7470.00131267743,9209.206986022,8455.66480126765,3657.26540620171
"a.temp",-6114203.16967925,-4147917.45919096,11466.9509727479,6606.73431518159,4505.75323685155,5975.86272026067
"a.temp",-6114053.16967925,-4143417.45919096,6999.34022686441,9469.59541434566,8878.41265268722,3444.76911438192
"a.temp",-6114053.16967925,-4143567.45919096,7146.61448599282,9350.33541170564,8729.83655238726,3460.29901184849
"a.temp",-6114053.16967925,-4143717.45919096,7293.99983626285,9231.97201638937,8581.30999506466,3482.22690980925
"a.temp",-6114053.16967925,-4143867.45919096,7441.48967689955,9114.54015907531,8432.83559850402,3510.43291509748
"a.temp",-6114053.16967925,-4144017.45919096,7589.07791575515,8998.07631171222,8284.41616720193,3544.76716462447
"a.temp",-6114053.16967925,-4144167.45919096,7736.75892162879,8882.61855037109,8136.05470921852,3585.05359114754
"a.temp",-6114053.16967925,-4147917.45919096,11448.3978622078,6474.12444361382,4462.76385566145,5887.14567947841
"a.temp",-6114053.16967925,-4148967.45919096,12491.7636309452,6049.63075826933,3463.82826239965,6767.87479578351
"a.temp",-6113903.16967925,-4144167.45919096,7712.1519442632,8786.9938722749,8115.09921266505,3441.67956837935
"a.temp",-6113903.16967925,-4144317.45919096,7860.38310843706,8671.32033264812,7966.40886669752,3489.61219212106
"a.temp",-6113903.16967925,-4144467.45919096,8008.68014165897,8556.71264630271,7817.76855831617,3543.25108500654
"a.temp",-6113903.16967925,-4144617.45919096,8157.03945138203,8443.2142168369,7669.18119693341,3602.34135686779
"a.temp",-6113903.16967925,-4144767.45919096,8305.4577002958,8330.87038138254,7520.64992081117,3666.61945822035
"a.temp",-6113903.16967925,-4144917.45919096,8453.93178417019,8219.72848161038,7372.17811989083,3735.81761484687
"a.temp",-6113903.16967925,-4147767.45919096,11282.6117371557,6415.92560051922,4570.21610335859,5677.92200117272
"a.temp",-6113903.16967925,-4148517.45919096,12028.674183442,6075.91773408744,3844.61314456975,6304.75798515704
"a.temp",-6113903.16967925,-4148817.45919096,12327.2329665422,5960.9434078339,3557.20680188805,6562.73138650376
"a.temp",-6113753.16967925,-4144617.45919096,8136.46984947421,8345.25106341306,7649.88818424146,3466.18122021917
"a.temp",-6113753.16967925,-4144767.45919096,8285.25658090339,8231.57034297812,7500.9748853997,3532.93748195466
"a.temp",-6113753.16967925,-4144917.45919096,8434.08629380818,8119.06923922915,7352.10576851266,3604.70279654234
"a.temp",-6113753.16967925,-4145067.45919096,8582.95675227383,8007.79746942922,7203.28357288516,3681.18421861773
"a.temp",-6113753.16967925,-4145217.45919096,8731.86587227513,7897.80699380512,7054.51126807501,3762.09413111904
"a.temp",-6113753.16967925,-4145367.45919096,8880.81170903894,7789.15209194153,6905.79207849449,3847.15313594356
"a.temp",-6113753.16967925,-4147767.45919096,11267.7494031152,6286.44973823843,4537.7664364088,5592.5260170518
"a.temp",-6113753.16967925,-4148667.45919096,12164.1763638729,5878.57638475493,3660.51010535397,6358.04665376101
"a.temp",-6113753.16967925,-4148817.45919096,12313.6315362855,5821.35682735549,3515.41878463983,6488.9900794655
"a.temp",-6113603.16967925,-4145067.45919096,8566.03733422888,7907.28583721349,7185.87108368896,3554.38690232229
"a.temp",-6113603.16967925,-4145217.45919096,8715.23554537702,7795.87739201926,7036.73064934258,3638.11781714121
"a.temp",-6113603.16967925,-4145367.45919096,8864.46081898968,7685.78163308047,6887.62754737779,3726.00808525698
"a.temp",-6113603.16967925,-4145517.45919096,9013.71181098016,7577.05578119874,6738.56425593742,3817.77045556702
"a.temp",-6113603.16967925,-4145667.45919096,9162.9872646099,7469.75965553091,6589.54347670591,3913.13253690704
"a.temp",-6113603.16967925,-4145817.45919096,9312.28600352262,7363.95575159148,6440.56816060489,4011.83764020935
"a.temp",-6113603.16967925,-4147617.45919096,11105.3451369781,6237.32829915165,4657.99723394059,5384.39051809963
"a.temp",-6113603.16967925,-4148667.45919096,12152.2440566096,5740.90666283631,3626.12509869676,6285.4837722646
"a.temp",-6113453.16967925,-4145517.45919096,9000.10275560247,7473.76232639206,6723.29511708339,3701.74556816112
"a.temp",-6113453.16967925,-4145667.45919096,9149.60024325671,7364.96152816817,6573.92821921547,3800.02042776095
"a.temp",-6113453.16967925,-4145817.45919096,9299.11391539018,7257.63000651021,6424.59082209891,3901.58817039941
"a.temp",-6113453.16967925,-4145967.45919096,9448.64300370182,7151.83391245891,6275.28503188481,4006.19835397608
"a.temp",-6113453.16967925,-4146117.45919096,9598.18678769086,7047.64239383621,6126.01315958411,4113.61887532142
"a.temp",-6113453.16967925,-4146267.45919096,9747.74459100173,6945.12766703374,5976.77774652845,4223.63531231104
"a.temp",-6113453.16967925,-4146417.45919096,9897.31577809881,6844.36507730246,5827.5815937143,4336.05007482626
"a.temp",-6113453.16967925,-4147617.45919096,11094.3021236761,6111.43299982893,4635.88041599416,5302.75496807096
"a.temp",-6113453.16967925,-4148817.45919096,12291.8761631984,5543.81577177655,3449.93727934272,6349.57402125542
"a.temp",-6113453.16967925,-4149717.45919096,13190.3460762561,5259.4774751299,2569.06154682969,7166.27520064657
"a.temp",-6113303.16967925,-4144767.45919096,8240.75382543387,7943.22335776837,7459.75678098134,3140.74740331027
"a.temp",-6113303.16967925,-4145967.45919096,9438.04553980343,7045.50050112818,6262.47963920024,3901.56048926589
"a.temp",-6113303.16967925,-4146117.45919096,9587.75461781347,6939.71269660333,6112.89507773507,4011.78379918469
"a.temp",-6113303.16967925,-4146267.45919096,9737.47265009784,6835.57951540303,5963.33138701831,4124.51745679428
"a.temp",-6113303.16967925,-4146417.45919096,9887.19922988323,6733.1777275962,5813.79017779261,4239.56120977169
"a.temp",-6113303.16967925,-4146567.45919096,10036.933974646,6632.58752760924,5664.27323064467,4356.73206100638
"a.temp",-6113303.16967925,-4146717.45919096,10186.6765243333,6533.89258492957,5514.78251895738,4475.86296164225
"a.temp",-6113303.16967925,-4146867.45919096,10336.4265397382,6437.18007448896,5365.32023568006,4596.80152403832
"a.temp",-6113303.16967925,-4147017.45919096,10486.1837010136,6342.54068267581,5215.88882467773,4719.40878197694
"a.temp",-6113303.16967925,-4147167.45919096,10635.947706312,6250.06858453552,5066.49101759769,4843.55801569477
"a.temp",-6113303.16967925,-4147317.45919096,10785.7182705374,6159.86138735263,4917.12987741814,4969.13365199621
"a.temp",-6113303.16967925,-4147467.45919096,10935.4951242001,6072.02003549049,4767.80885013212,5096.030244357
"a.temp",-6113303.16967925,-4147617.45919096,11085.2780123641,5986.64867111793,4618.53182639226,5224.15153411549
"a.temp",-6113303.16967925,-4147767.45919096,11235.0666936785,5903.85444530927,4469.30321542389,5353.40959122327
"a.temp",-6113303.16967925,-4148817.45919096,12283.731868264,5405.9450895656,3426.58959191186,6284.07823402937
"a.temp",-6113303.16967925,-4149567.45919096,13032.9100208436,5152.8552581456,2685.2730273473,6969.6351591315
"a.temp",-6113303.16967925,-4149717.45919096,13182.756866885,5113.94684284055,2537.62216088192,7108.30846625286
"a.temp",-6113303.16967925,-4150017.45919096,13482.460777299,5048.61588075374,2243.2557213566,7386.98309537812
"a.temp",-6113153.16967925,-4143567.45919096,7033.36282381355,8829.82821528236,8651.11208061696,2569.81774672831
"a.temp",-6113153.16967925,-4144917.45919096,8381.12209739263,7732.44342439032,7302.14045546902,3097.43091148137
"a.temp",-6113153.16967925,-4145067.45919096,8530.91686815685,7615.52469048568,7152.27867405887,3186.11256100602
"a.temp",-6113153.16967925,-4145217.45919096,8680.71872666101,7499.78341763261,7002.42281152726,3279.26032077363
"a.temp",-6113153.16967925,-4145367.45919096,8830.52731219395,7385.2749651856,6852.57325618613,3376.50459075661
"a.temp",-6113153.16967925,-4145517.45919096,8980.34228809811,7272.05757068777,6702.7304310555,3477.50172557837
"a.temp",-6113153.16967925,-4145667.45919096,9130.16333979866,7160.19247725906,6552.89479782771,3581.93428909585
"a.temp",-6113153.16967925,-4145817.45919096,9279.990173023,7049.74405999235,6403.06686138741,3689.51057071268
"a.temp",-6113153.16967925,-4145967.45919096,9429.8225121899,6940.77994978932,6253.24717498018,3799.96358553614
"a.temp",-6113153.16967925,-4146117.45919096,9579.66009894941,6833.37115276183,6103.43634614122,3913.04973791552
"a.temp",-6113153.16967925,-4146267.45919096,9729.50269085751,6727.59216298057,5953.63504351734,4028.5472879688
"a.temp",-6113153.16967925,-4147317.45919096,10778.5234430048,6039.80474116489,4905.36596304477,4889.76873189328
"a.temp",-6113153.16967925,-4147917.45919096,11378.0449819556,5696.61138848335,4306.73370797387,5411.91077637108
"a.temp",-6113153.16967925,-4148067.45919096,11527.9331456859,5617.55429981751,4157.13726395923,5544.90876853727
"a.temp",-6113153.16967925,-4148217.45919096,11677.8241813877,5541.43043910128,4007.57098894062,5678.7541108417
"a.temp",-6113153.16967925,-4148667.45919096,12127.5134554205,5331.8905006947,3559.0912086372,6084.81332921575
"a.temp",-6113153.16967925,-4148817.45919096,12277.4149401006,5268.73716476714,3409.68696970832,6221.51012627977
"a.temp",-6113153.16967925,-4149567.45919096,13026.9563832618,5008.71902899322,2663.67044346687,6913.27442326731
"a.temp",-6113153.16967925,-4150017.45919096,13476.7057403286,4901.41523556196,2217.35094908297,7333.8303942348
"a.temp",-6113003.16967925,-4143417.45919096,6875.66044910614,8876.41145460239,8797.0082545941,2399.84942265129
"a.temp",-6113003.16967925,-4143567.45919096,7025.52785286647,8749.06939687854,8647.0335509582,2422.08840701569
"a.temp",-6113003.16967925,-4145817.45919096,9274.05340783648,6948.32643961101,6397.55533242172,3588.18021445421
"a.temp",-6113003.16967925,-4145967.45919096,9423.98013640752,6837.74636202583,6247.6034790468,3701.65804085152
"a.temp",-6113003.16967925,-4147467.45919096,10923.3580739351,5829.6762612857,4748.25222912581,4944.65592851528
"a.temp",-6113003.16967925,-4148067.45919096,11523.1545859371,5489.74182556869,4148.64305904936,5478.00714232845
"a.temp",-6113003.16967925,-4148367.45919096,11823.0605856269,5336.9781067003,3848.88415406317,5749.61148699646
"a.temp",-6113003.16967925,-4148517.45919096,11973.0153516733,5265.3461720383,3699.01936077639,5886.44776171518
"a.temp",-6113003.16967925,-4149867.45919096,13322.6540753487,4786.82413625139,2351.01238435681,7141.80525157345
"a.temp",-6113003.16967925,-4150017.45919096,13472.618402204,4754.38958346904,2201.38461687165,7283.37952130755
"a.temp",-6113003.16967925,-4150167.45919096,13622.5835145689,4726.49503452601,2051.81120754304,7425.28465793752
"a.temp",-6112853.16967925,-4143417.45919096,6870.92101623956,8798.63792364457,8795.55587961311,2250.96118389451
"a.temp",-6112853.16967925,-4147617.45919096,11070.3629394616,5619.69832921644,4595.56125314398,5007.93432978123
"a.temp",-6112853.16967925,-4148217.45919096,11670.3160030654,5283.28962970972,3995.56294299045,5551.42740665872
"a.temp",-6112853.16967925,-4150017.45919096,13470.2002810428,4607.55567642964,2195.5735540854,7235.68699235962
"a.temp",-6112853.16967925,-4150167.45919096,13620.1920181547,4578.76668016607,2045.57528128378,7378.50941934767
"a.temp",-6112703.16967925,-4143417.45919096,6869.45446243023,8722.75061614148,8796.66142530203,2102.23101760958
"a.temp",-6112703.16967925,-4147767.45919096,11219.4527322595,5409.88847495012,4447.74855757364,5079.29032950484
"a.temp",-6112703.16967925,-4148217.45919096,11669.4526268975,5155.91876501156,3997.99602693631,5492.80395166272
"a.temp",-6112703.16967925,-4150167.45919096,13619.4522507847,4431.19095857976,2050.32368942059,7334.50409035282
"a.temp",-6112703.16967925,-4150317.45919096,13769.4522262654,4406.35771487054,1900.70045809415,7478.44805099309
"a.temp",-6112553.16967925,-4143117.45919096,6571.34564692822,8912.10734402344,9100.16654965153,1933.24966090769
"a.temp",-6112553.16967925,-4143267.45919096,6721.30334171897,8780.15901401543,8950.24392021786,1937.70205434163
"a.temp",-6112553.16967925,-4143417.45919096,6871.26288329901,8648.79918320437,8800.32392764021,1953.69502517661
"a.temp",-6112553.16967925,-4147917.45919096,11370.545440365,5200.26704231602,4305.31662382669,5158.38872627892
"a.temp",-6112553.16967925,-4148217.45919096,11670.5172812264,5029.79595126863,4006.04808151357,5437.68739919845
"a.temp",-6112553.16967925,-4150317.45919096,13770.3545201787,4258.0908059128,1917.57952413957,7438.05984456985
"a.temp",-6112403.16967925,-4142967.45919096,6426.82640277473,8975.82705444999,9256.00590057054,1791.02435812573
"a.temp",-6112403.16967925,-4148067.45919096,11523.562279582,4990.85777310858,4168.81700622593,5244.87924087882
"a.temp",-6112403.16967925,-4148217.45919096,11673.5094385281,4905.01746290453,4019.6853398492,5386.18540819026
"a.temp",-6112403.16967925,-4150467.45919096,13922.853429215,4088.66987067912,1800.10978315197,7546.1591721486
"a.temp",-6112253.16967925,-4142967.45919096,6435.75532563214,8909.03026773377,9264.34532125161,1641.74213913138
"a.temp",-6112253.16967925,-4148067.45919096,11528.5444272642,4869.70330835446,4187.30035122853,5195.79707565659
"a.temp",-6112253.16967925,-4148217.45919096,11678.4276172524,4781.68854186452,4038.85122669783,5338.40259360435
"a.temp",-6112253.16967925,-4148367.45919096,11828.3137687248,4696.81597589244,3890.5210745347,5481.40285432495
"a.temp",-6112253.16967925,-4150467.45919096,13926.977296291,3939.86932669083,1842.51030699951,7512.12801085035
"a.temp",-6112103.16967925,-4142967.45919096,6448.1621886707,8844.27324947598,9275.10340812417,1492.60384945226
"a.temp",-6112103.16967925,-4148217.45919096,11685.2693854872,4659.92428172373,4063.46751326975,5294.43965414676
"a.temp",-6112103.16967925,-4148367.45919096,11835.0688891702,4572.79228824123,3916.06987059714,5438.59598162998
"a.temp",-6112103.16967925,-4150467.45919096,13932.7149404344,3791.16331900899,1895.86213406974,7480.95022382869
"a.temp",-6111953.16967925,-4142967.45919096,6464.02696555348,8781.60112458978,9288.27175697377,1343.65741593597
"a.temp",-6111953.16967925,-4148367.45919096,11843.7200495201,4450.36833435149,3947.15748753438,5399.61806532663
"a.temp",-6111953.16967925,-4150317.45919096,13790.2885978287,3666.43332291741,2094.01700838351,7305.13040618732
"a.temp",-6111803.16967925,-4142817.45919096,6334.83690487786,8858.96903208248,9452.91522396116,1225.04255085271
"a.temp",-6111803.16967925,-4148367.45919096,11854.2630986242,4329.679816268,3983.6542560065,5364.55256767997
"a.temp",-6111803.16967925,-4148517.45919096,12003.8280815498,4241.06853415487,3839.05408029097,5510.9581064822
"a.temp",-6111803.16967925,-4150167.45919096,13649.6730221425,3550.0066635711,2294.67235818088,7131.28629711376
"a.temp",-6111803.16967925,-4150317.45919096,13799.3444993378,3518.96040207889,2162.02595530198,7279.24990994282
"a.temp",-6111803.16967925,-4150467.45919096,13949.023034299,3494.0831861018,2031.7950761333,7427.2952177359
"a.temp",-6111653.16967925,-4142667.45919096,6210.20713111909,8940.7016677326,9619.41891339579,1134.03846998225
"a.temp",-6111653.16967925,-4148367.45919096,11866.692993897,4210.87595535638,4025.41305102951,5333.4766570598
"a.temp",-6111653.16967925,-4148517.45919096,12016.1032623478,4119.71010040738,3882.36850793415,5480.71238539315
"a.temp",-6111653.16967925,-4149417.45919096,12912.852032429,3655.16365042647,3038.22238017548,6366.83738220179
"a.temp",-6111653.16967925,-4149567.45919096,13062.353639808,3593.8497897657,2900.79820590802,6514.89472297153
"a.temp",-6111653.16967925,-4149717.45919096,13211.8665453222,3537.83709509059,2764.68175951578,6663.03896517215
"a.temp",-6111653.16967925,-4149867.45919096,13361.390369696,3487.38101035707,2630.07608851898,6811.26443851671
"a.temp",-6111653.16967925,-4150017.45919096,13510.9247504161,3442.72585481318,2497.22550671728,6959.56595280212
"a.temp",-6111653.16967925,-4150167.45919096,13660.4693408171,3404.09992676467,2366.42562346663,7107.93874842788
"a.temp",-6111653.16967925,-4150317.45919096,13810.0238092266,3371.71044299466,2238.03602102367,7256.37845287872
"a.temp",-6111653.16967925,-4150467.45919096,13959.5878381636,3345.73853004076,2112.49620861187,7404.88104235325
"a.temp",-6111653.16967925,-4150617.45919096,14109.1611235894,3326.33451585967,1990.34550553405,7553.44280784614
"a.temp",-6111653.16967925,-4150767.45919096,14258.743374204,3313.61378428438,1872.2473745207,7702.06032509501
"a.temp",-6111503.16967925,-4142517.45919096,6090.41760566567,9026.68047021696,9787.68788996648,1077.662865371
"a.temp",-6111503.16967925,-4147017.45919096,10538.8916215798,5061.81887382372,5365.52739545688,3981.63374149372
"a.temp",-6111503.16967925,-4147167.45919096,10687.9170847927,4945.45703766579,5220.4137030889,4128.03128033223
"a.temp",-6111503.16967925,-4147317.45919096,10836.9694385194,4830.9502493193,5075.5841271127,4274.67861381431
"a.temp",-6111503.16967925,-4147467.45919096,10986.047588255,4718.43356543231,4931.06370181916,4421.55088757344
"a.temp",-6111503.16967925,-4148217.45919096,11731.7908526961,4191.21585120577,4214.20979916742,5158.61291932257
"a.temp",-6111503.16967925,-4148517.45919096,12030.236348942,4000.29502804463,3930.9329975718,5454.42547399833
"a.temp",-6111503.16967925,-4148667.45919096,12179.4877401065,3909.97382489943,3790.25978415713,5602.49875068276
"a.temp",-6111503.16967925,-4148817.45919096,12328.7573019913,3823.40559075266,3650.32933190951,5750.67189564854
"a.temp",-6111503.16967925,-4148967.45919096,12478.0443824906,3740.85088066857,3511.23044407498,5898.93738324133
"a.temp",-6111503.16967925,-4149117.45919096,12627.3483602617,3662.58109963436,3373.06599867228,6047.28842138376
"a.temp",-6111503.16967925,-4149267.45919096,12776.6686429368,3588.87660855022,3235.95569058031,6195.71886478092
"a.temp",-6111503.16967925,-4149417.45919096,12926.0046654566,3520.02419187695,3100.03939191088,6344.22314010173
"a.temp",-6111503.16967925,-4149567.45919096,13075.3558885181,3456.31383288598,2965.48128157964,6492.79618126137
"a.temp",-6111503.16967925,-4149717.45919096,13224.721797127,3398.03477195262,2832.47493040967,6641.43337325628
"a.temp",-6111503.16967925,-4149867.45919096,13374.1018992456,3345.47086542375,2701.24956851442,6790.1305032674
"a.temp",-6111503.16967925,-4150017.45919096,13523.4957245309,3298.89531682943,2572.07780430519,6938.88371796231
"a.temp",-6111503.16967925,-4150167.45919096,13672.9028231537,3258.56491594064,2445.28510227324,7087.68948610212
"a.temp",-6111503.16967925,-4150317.45919096,13822.322764695,3224.71398908481,2321.26134491562,7236.54456570279
"a.temp",-6111503.16967925,-4150467.45919096,13971.7551371116,3197.54832823514,2200.47477408843,7385.44597511908
"a.temp",-6111503.16967925,-4150617.45919096,14121.1995457682,3177.23941675779,2083.48847642592,7534.39096751706
"a.temp",-6111503.16967925,-4150767.45919096,14270.655612529,3163.91929596813,1970.97925696839,7683.37700828241
"a.temp",-6111353.16967925,-4142517.45919096,6121.9307094578,8975.31666914301,9809.34672806485,958.59597923195
"a.temp",-6111353.16967925,-4146867.45919096,10408.3980809443,5089.87468523519,5549.27907312276,3803.77723472357
"a.temp",-6111353.16967925,-4147617.45919096,11152.4179266832,4506.60618552346,4831.01161573831,4542.01455869546
"a.temp",-6111353.16967925,-4147767.45919096,11301.3167644927,4396.02483061667,4688.55076024549,4690.10994022545
"a.temp",-6111353.16967925,-4147917.45919096,11450.2443472358,4287.83970215753,4546.57489011218,4838.32266921106
"a.temp",-6111353.16967925,-4148067.45919096,11599.1995677031,4182.23675936675,4405.13089832739,4986.6422822779
"a.temp",-6111353.16967925,-4148967.45919096,12493.4559114524,3615.15066233744,3571.16062805904,5878.35106568178
"a.temp",-6111353.16967925,-4149117.45919096,12642.5778863096,3534.09809023446,3435.4072875569,6027.20882759193
"a.temp",-6111353.16967925,-4149267.45919096,12791.7203929497,3457.65589835063,3300.88749147848,6176.12186176748
"a.temp",-6111353.16967925,-4149417.45919096,12940.8827214918,3386.13633975346,3167.75839220721,6325.08626434472
"a.temp",-6111353.16967925,-4149567.45919096,13090.0641943195,3319.85757396293,3036.20292987792,6474.09848947344
"a.temp",-6111353.16967925,-4149717.45919096,13239.2641642731,3259.13935133174,2906.43479737621,6623.15530932216
"a.temp",-6111353.16967925,-4149867.45919096,13388.4820129619,3204.29778756581,2778.70441598227,6772.25377931176
"a.temp",-6111353.16967925,-4150017.45919096,13537.7171491875,3155.63928727591,2653.30609455438,6921.39120779937
"a.temp",-6111353.16967925,-4150167.45919096,13686.9690074686,3113.45375931605,2530.58653900622,7070.56512956373
"a.temp",-6111353.16967925,-4150317.45919096,13836.2370466614,3078.0073605174,2410.95483810865,7219.7732825486
"a.temp",-6111353.16967925,-4150467.45919096,13985.5207486674,3049.53509758444,2294.89394774564,7369.01358740793
"a.temp",-6111353.16967925,-4150617.45919096,14134.8196172221,3028.23369497789,2182.97348389751,7518.28412946749
"a.temp",-6111353.16967925,-4150767.45919096,14284.1331767596,3014.2551835237,2075.86324968667,7667.58314277731
"a.temp",-6111203.16967925,-4142517.45919096,6156.93792492684,8926.17825899732,9833.24627126752,849.385219673431
"a.temp",-6111203.16967925,-4146567.45919096,10132.271690564,5251.77144508383,5878.8840124124,3481.63758185731
"a.temp",-6111203.16967925,-4146717.45919096,10280.6256916301,5126.56203623813,5734.99016837851,3629.60538507993
"a.temp",-6111203.16967925,-4147917.45919096,11468.9992855264,4184.0074463842,4597.91172505504,4817.87455745806
"a.temp",-6111203.16967925,-4148667.45919096,12212.8874395617,3672.00126789176,3906.40080270816,5563.1007766714
"a.temp",-6111203.16967925,-4148817.45919096,12361.7537029098,3579.68271099532,3770.78270805929,5712.29597022091
"a.temp",-6111203.16967925,-4148967.45919096,12510.6470500692,3491.36983308827,3636.29443684076,5861.53224433698
"a.temp",-6111203.16967925,-4149117.45919096,12659.5665254149,3407.37410793104,3503.06611861653,6010.8065391761
"a.temp",-6111203.16967925,-4149417.45919096,12957.4802570332,3253.6546084978,3241.00944636069,6309.45839604338
"a.temp",-6111203.16967925,-4149567.45919096,13106.4728135149,3184.61980641317,3112.55156284988,6458.83118307038
"a.temp",-6111203.16967925,-4149717.45919096,13255.4880940464,3121.27190603432,2986.10318498864,6608.23238479114
"a.temp",-6111203.16967925,-4149867.45919096,13404.5253407722,3063.96366026087,2861.93068249379,6757.66011659379
"a.temp",-6111203.16967925,-4150017.45919096,13553.5838290618,3013.0397128812,2740.34345135777,6907.11265663175
"a.temp",-6111203.16967925,-4150167.45919096,13702.6628657136,2968.82860930019,2621.70120940573,7056.58842865322
"a.temp",-6111203.16967925,-4150317.45919096,13851.7617872748,2931.6340684675,2506.42219735613,7206.08598695593
"a.temp",-6111203.16967925,-4150467.45919096,14000.8799584671,2901.72591941406,2394.99211510176,7355.60400316675
"a.temp",-6111203.16967925,-4150617.45919096,14150.0167707111,2879.33122641343,2287.9733895742,7505.14125459359
"a.temp",-6111203.16967925,-4150767.45919096,14299.1716407422,2864.62620797191,2186.01400530731,7654.69661393597
"a.temp",-6111203.16967925,-4150917.45919096,14448.3440093114,2857.72957282517,2089.85459575535,7804.269040173
"a.temp",-6111053.16967925,-4142517.45919096,6195.38002154851,8879.3021860615,9859.37022488742,754.323704651859
"a.temp",-6111053.16967925,-4146417.45919096,10007.7192012668,5300.08653810463,6065.63197296029,3310.9083725469
"a.temp",-6111053.16967925,-4147917.45919096,11489.6820500571,4083.04632736373,4653.51923079713,4802.02709815362
"a.temp",-6111053.16967925,-4148367.45919096,11935.149710473,3758.04102045183,4241.66785962772,5250.34944088504
"a.temp",-6111053.16967925,-4148517.45919096,12083.7135687422,3655.59944624663,4106.16380961584,5399.8522434787
"a.temp",-6111053.16967925,-4148667.45919096,12232.3124801243,3556.53515537225,3971.70193133862,5549.3818801198
"a.temp",-6111053.16967925,-4148817.45919096,12380.9451824731,3461.13815260223,3838.39175064232,5698.93623858015
"a.temp",-6111053.16967925,-4148967.45919096,12529.6104732511,3369.71991586821,3706.35754230472,5848.51342234949
"a.temp",-6111053.16967925,-4149117.45919096,12678.3072060668,3282.61287869875,3575.74065494117,5998.11172381793
"a.temp",-6111053.16967925,-4149717.45919096,13273.3874203763,2984.5748962623,3071.03585641707,6596.6873695365
"a.temp",-6111053.16967925,-4149867.45919096,13422.2259186547,2924.58925516032,2950.44000640572,6746.37082077486
"a.temp",-6111053.16967925,-4150017.45919096,13571.08999349,2871.19440501671,2832.65444969898,6896.06802833343
"a.temp",-6111053.16967925,-4150167.45919096,13719.9788123526,2824.76411606337,2718.04456023066,7045.77811539666
"a.temp",-6111053.16967925,-4150317.45919096,13868.8915783276,2785.64665946695,2607.02919649926,7195.50027804896
"a.temp",-6111053.16967925,-4150467.45919096,14017.8275282372,2754.15364702106,2500.08724475759,7345.23377785913
"a.temp",-6111053.16967925,-4150617.45919096,14166.7859308809,2730.54890294964,2397.76379808347,7494.97793535129
"a.temp",-6111053.16967925,-4150767.45919096,14315.7660853831,2715.0381786265,2300.67516859719,7644.73212424103
"a.temp",-6111053.16967925,-4150917.45919096,14464.7673196428,2707.76057128387,2209.51153683338,7794.49576633427
"a.temp",-6110903.16967925,-4142517.45919096,6237.19348837299,8834.72446154358,9887.70095782617,679.377105442719
"a.temp",-6110903.16967925,-4146417.45919096,10033.6579875639,5225.06136915136,6111.57428420846,3294.64159680551
"a.temp",-6110903.16967925,-4148067.45919096,11660.4450005737,3871.32423227486,4576.95589135385,4940.57165228901
"a.temp",-6110903.16967925,-4148217.45919096,11808.6541405617,3760.01147756208,4441.54930529864,5090.3323321176
"a.temp",-6110903.16967925,-4148367.45919096,11956.9079452593,3651.46837743375,4307.1098466836,5240.10670229165
"a.temp",-6110903.16967925,-4148517.45919096,12105.2047736255,3545.94928212442,4173.73097257105,5389.89362152928
"a.temp",-6110903.16967925,-4148667.45919096,12253.5430635961,3443.73217765243,4041.51768911123,5539.69207189371
"a.temp",-6110903.16967925,-4148817.45919096,12401.9213274156,3345.1197753442,3910.58822063881,5689.5011425785
"a.temp",-6110903.16967925,-4148967.45919096,12550.3381472933,3250.44017194577,3781.07593568274,5839.32001618357
"a.temp",-6110903.16967925,-4149117.45919096,12698.7921713604,3160.04688436721,3653.13156502734,5989.14795704716
"a.temp",-6110903.16967925,-4150017.45919096,13590.2293068,2730.22092721436,2929.74064234353,6888.27287869772
"a.temp",-6110903.16967925,-4150167.45919096,13738.9107141507,2681.35065058625,2819.08056490047,7038.14878014117
"a.temp",-6110903.16967925,-4150317.45919096,13887.6204805361,2640.10914762996,2712.20394354842,7188.02985882798
"a.temp",-6110903.16967925,-4150467.45919096,14036.3577045972,2606.85851388207,2609.57568033572,7337.91579751381
"a.temp",-6110903.16967925,-4150617.45919096,14185.1215226168,2581.90749474095,2511.71659058097,7487.80630434594
"a.temp",-6110903.16967925,-4150767.45919096,14333.9111065824,2565.49825792175,2419.20549590144,7637.70111037364
"a.temp",-6110903.16967925,-4150917.45919096,14482.7256623678,2557.79520513265,2332.67876729733,7787.59996734571
"a.temp",-6110753.16967925,-4146417.45919096,10061.766326615,5153.31110174788,6160.82699249039,3285.15026313884
"a.temp",-6110753.16967925,-4147917.45919096,11536.7886177829,3890.62531110341,4776.93826958217,4784.30373736887
"a.temp",-6110753.16967925,-4148067.45919096,11684.6406282523,3773.92372887934,4642.5180916609,4934.24738449561
"a.temp",-6110753.16967925,-4148217.45919096,11832.5467086086,3659.64961593301,4509.08075237058,5084.19435617895
"a.temp",-6110753.16967925,-4148367.45919096,11980.5048562823,3548.03752959276,4376.71614699867,5234.14436669471
"a.temp",-6110753.16967925,-4148517.45919096,12128.5131657349,3439.34664019181,4245.52461203547,5384.09716214353
"a.temp",-6110753.16967925,-4148667.45919096,12276.5698226909,3333.86267134667,4115.61832916987,5534.05251614059
"a.temp",-6110753.16967925,-4148817.45919096,12424.6730987743,3231.89964438855,3987.12292654729,5684.01022618733
"a.temp",-6110753.16967925,-4148967.45919096,12572.8213465159,3133.80125588699,3860.17930042104,5833.9701106024
"a.temp",-6110753.16967925,-4149117.45919096,12721.0129947031,3039.94166249929,3734.94567984585,5983.93200591402
"a.temp",-6110753.16967925,-4150317.45919096,13907.9420336513,2495.10026079102,2821.43566848504,7183.68444820641
"a.temp",-6110753.16967925,-4150467.45919096,14056.4642286531,2459.89030474927,2722.92751122751,7333.6591992949
"a.temp",-6110753.16967925,-4150617.45919096,14205.0174801514,2433.43282450934,2629.29063273722,7483.63496246328
"a.temp",-6110753.16967925,-4150767.45919096,14353.6008238841,2416.01537896586,2541.06360239168,7633.61167805927
"a.temp",-6110753.16967925,-4150917.45919096,14502.2133349157,2407.8341536326,2458.82883328625,7783.58929102781
"a.temp",-6110753.16967925,-4151067.45919096,14650.8541256613,2408.98325261918,2383.20671184853,7933.56775047664
"a.temp",-6110603.16967925,-4146417.45919096,10092.0260905035,5084.97436683785,6213.31137409016,3282.49314567468
"a.temp",-6110603.16967925,-4147767.45919096,11415.7350009276,3921.32366827816,4977.92659963952,4632.48057215589
"a.temp",-6110603.16967925,-4147917.45919096,11563.1890329357,3799.64660348808,4844.43889747809,4782.47961327613
"a.temp",-6110603.16967925,-4148067.45919096,11710.7077331562,3680.06104723802,4711.94473984986,4932.47871271654
"a.temp",-6110603.16967925,-4148217.45919096,11858.2886881457,3562.77761183583,4580.53034390111,5082.47786531352
"a.temp",-6110603.16967925,-4148367.45919096,12005.9296021343,3448.03122250926,4450.2913647759,5232.47706649556
"a.temp",-6110603.16967925,-4148517.45919096,12153.6282899966,3336.08367871652,4321.3340800497,5382.47631220073
"a.temp",-6110603.16967925,-4148667.45919096,12301.3826707165,3227.2262566171,4193.77672646017,5532.47559880765
"a.temp",-6110603.16967925,-4148817.45919096,12449.1907613067,3121.78223318009,4067.75100410523,5682.47492307728
"a.temp",-6110603.16967925,-4148967.45919096,12597.0506711454,3020.10915554371,3943.40376215765,5832.47428210379
"a.temp",-6110603.16967925,-4150467.45919096,14078.1403463457,2313.31133040918,2839.68012835948,7332.4693147263
"a.temp",-6110603.16967925,-4150617.45919096,14226.4672568915,2285.157393135,2750.02149653412,7482.46892752671
"a.temp",-6110603.16967925,-4150767.45919096,14374.8288898131,2266.6008275388,2665.79317115934,7632.46855554629
"a.temp",-6110603.16967925,-4150917.45919096,14523.2241809939,2257.87827647986,2587.52550352646,7782.46819790501
"a.temp",-6110603.16967925,-4151067.45919096,14671.6521091323,2259.10365220361,2515.77487693154,7932.46785378945
"a.temp",-6110603.16967925,-4151217.45919096,14820.1116936211,2270.26084655481,2451.11367166029,8082.46752244653
"a.temp",-6110453.16967925,-4142667.45919096,6522.68844966572,8569.65216980226,9840.16322178636,496.422452554123
"a.temp",-6110453.16967925,-4146417.45919096,10124.4179887737,5020.1905652473,6268.94626164543,3286.68681979303
"a.temp",-6110453.16967925,-4147767.45919096,11444.3809186607,3836.94257337773,5047.19746308768,4635.45307940893
"a.temp",-6110453.16967925,-4147917.45919096,11591.4705543087,3712.50095102999,4915.59123925075,4785.35894697585
"a.temp",-6110453.16967925,-4148067.45919096,11738.6338477441,3590.01369236924,4785.0676308072,4935.27053477333
"a.temp",-6110453.16967925,-4148217.45919096,11885.8680630152,3469.68778298547,4655.71769240778,5085.18733690332
"a.temp",-6110453.16967925,-4148367.45919096,12033.1705967881,3351.75600415644,4527.64201670129,5235.10890540034
"a.temp",-6110453.16967925,-4148517.45919096,12180.5389704809,3236.48008048849,4400.95185515577,5385.03484217159
"a.temp",-6110453.16967925,-4148667.45919096,12327.9708229459,3124.1540153134,4275.77036700979,5534.96479224594
"a.temp",-6110453.16967925,-4148817.45919096,12475.4639036552,3015.10751241127,4152.23400489412,5684.89843809035
"a.temp",-6110453.16967925,-4148967.45919096,12623.016066353,2909.7093173372,4030.49404309188,5834.83549480208
"a.temp",-6110453.16967925,-4149117.45919096,12770.6252631343,2808.37022335001,3910.71825006599,5984.77570602293
"a.temp",-6110453.16967925,-4150467.45919096,14101.3788195128,2167.20057018253,2959.4310654921,7334.34763638885
"a.temp",-6110453.16967925,-4150617.45919096,14249.4638359275,2137.12267111637,2873.51130699007,7484.30960419215
"a.temp",-6110453.16967925,-4150767.45919096,14397.5884998636,2117.26906920203,2793.00952941443,7634.27306633728
"a.temp",-6110453.16967925,-4150917.45919096,14545.751600086,2107.92867796794,2718.40711288796,7784.23793645871
"a.temp",-6110453.16967925,-4151067.45919096,14693.9519739043,2109.2411695678,2650.20230008955,7934.20413471969
"a.temp",-6110453.16967925,-4151217.45919096,14842.1885047794,2121.18676957023,2588.90077666178,8084.17158720688
"a.temp",-6110303.16967925,-4142817.45919096,6715.92500043015,8388.07619847344,9732.78460829155,448.574688764233
"a.temp",-6110303.16967925,-4142967.45919096,6856.1639136913,8242.2907805656,9588.06191215915,358.40514979557
"a.temp",-6110303.16967925,-4143117.45919096,6996.80774435048,8096.65933032858,9443.50391705309,317.315696743859
"a.temp",-6110303.16967925,-4143267.45919096,7137.83255697434,7951.19030783422,9299.11830397899,343.401006696394
"a.temp",-6110303.16967925,-4146417.45919096,10158.9216264033,4959.098941481,6327.64855466849,3297.70514925171
"a.temp",-6110303.16967925,-4146567.45919096,10304.7088076958,4821.63844677285,6190.55500188782,3447.04137651426
"a.temp",-6110303.16967925,-4147767.45919096,11474.9162790586,3756.65773146803,5119.92687754412,4643.27193382014
"a.temp",-6110303.16967925,-4147917.45919096,11621.6194487431,3629.46446619864,4990.23909561444,4792.93326173042
"a.temp",-6110303.16967925,-4148067.45919096,11768.4057378816,3504.07581416251,4861.71998693866,4942.61512272622
"a.temp",-6110303.16967925,-4148217.45919096,11915.2720745858,3380.6925786588,4734.46472490807,5092.31570617945
"a.temp",-6110303.16967925,-4148367.45919096,12062.2155349424,3259.54250032098,4608.57800535034,5242.03340807763
"a.temp",-6110303.16967925,-4148517.45919096,12209.2333343009,3140.8840015828,4484.17508928889,5391.76680239437
"a.temp",-6110303.16967925,-4148667.45919096,12356.3228191645,3025.01029938724,4361.3829494094,5541.51461708819
"a.temp",-6110303.16967925,-4148817.45919096,12503.4814596337,2912.25381987884,4240.34152296712,5691.27571388016
"a.temp",-6110303.16967925,-4150767.45919096,14421.8724031038,1968.03895068152,2922.38793307799,7639.0231215387
"a.temp",-6110303.16967925,-4150917.45919096,14569.7885575394,1957.98680061937,2851.17278175138,7788.89653618553
"a.temp",-6110303.16967925,-4151067.45919096,14717.7468931697,1959.399732418,2786.21988209832,7938.77473237546
"a.temp",-6110303.16967925,-4151217.45919096,14865.7461505101,1972.2531053087,2727.97658190095,8088.65744431071
"a.temp",-6110303.16967925,-4151367.45919096,15013.7851193963,1996.32595319498,2676.8808773272,8238.54442552828
"a.temp",-6110303.16967925,-4151517.45919096,15161.8626366092,2031.21941488356,2633.34886245634,8388.43544717388
"a.temp",-6110153.16967925,-4143417.45919096,7330.20038003075,7769.64035920562,9197.65650757828,545.626476080638
"a.temp",-6110153.16967925,-4146267.45919096,10050.3832071919,5041.57478486613,6525.69921398452,3167.04487675834
"a.temp",-6110153.16967925,-4148217.45919096,11946.4872498741,3296.12367962713,4816.5968516577,5103.84445799458
"a.temp",-6110153.16967925,-4148367.45919096,12093.051418538,3171.74499469909,4692.91383166141,5253.23359954629
"a.temp",-6110153.16967925,-4148517.45919096,12239.6988366301,3049.67232852954,4570.80684687059,5402.65659202971
"a.temp",-6110153.16967925,-4148667.45919096,12386.4265472898,2930.1939033789,4450.40562549068,5552.11070237276
"a.temp",-6110153.16967925,-4150767.45919096,14447.6729133589,1818.93548852059,3053.65358732779,7646.71323193193
"a.temp",-6110153.16967925,-4150917.45919096,14595.3275952068,1808.05456538228,2985.57117339378,7796.43881855062
"a.temp",-6110153.16967925,-4151067.45919096,14743.0296279769,1809.58456873388,2923.60569013675,7946.17475590633
"a.temp",-6110153.16967925,-4151217.45919096,14890.7776026441,1823.49425866928,2868.15362757995,8095.9204696812
"a.temp",-6110153.16967925,-4151367.45919096,15038.5701651256,1849.50434208733,2819.59930334083,8245.67542724082
"a.temp",-6110153.16967925,-4151517.45919096,15186.4060136494,1887.11454644384,2778.30438062501,8395.43913392285
"a.temp",-6110153.16967925,-4151667.45919096,15334.28389627,1935.64880890103,2744.59655166296,8545.21112971489
"a.temp",-6110153.16967925,-4151817.45919096,15482.2026085246,1994.30973306556,2718.75803105025,8694.99098627499
"a.temp",-6110003.16967925,-4143567.45919096,7523.63087952905,7589.67689110656,9100.00929842367,753.320815722128
"a.temp",-6110003.16967925,-4146117.45919096,9945.18559964589,5131.49981110766,6724.60885341282,3045.56846112531
"a.temp",-6110003.16967925,-4150917.45919096,14622.360842607,1658.13458784253,3121.39139349745,7806.85642569421
"a.temp",-6110003.16967925,-4151067.45919096,14769.7925378594,1659.80279292444,3062.17557161571,7956.39631060463
"a.temp",-6110003.16967925,-4151217.45919096,14917.2754419635,1674.95680881623,3009.2780249422,8105.95319819965
"a.temp",-6110003.16967925,-4151367.45919096,15064.8080509313,1703.23671619652,2963.03716335116,8255.52616441879
"a.temp",-6110003.16967925,-4151517.45919096,15212.3889186218,1744.00410303415,2923.76884028135,8405.11435088204
"a.temp",-6110003.16967925,-4151667.45919096,15360.0166540081,1796.40900448645,2891.75711832792,8554.71695916371
"a.temp",-6110003.16967925,-4151817.45919096,15507.6899185986,1859.46774949179,2867.24505953019,8704.33324565433
"a.temp",-6110003.16967925,-4151967.45919096,15655.4074239991,1932.13749805756,2850.42614908724,8853.9625169414
"a.temp",-6109853.16967925,-4143717.45919096,7718.04415712965,7411.41547286327,9006.30075177358,962.951842721292
"a.temp",-6109853.16967925,-4143867.45919096,7857.57854630822,7264.61384461673,8864.94716461397,1060.42974845125
"a.temp",-6109853.16967925,-4144017.45919096,7997.4918325312,7117.94558221663,8723.88234855316,1169.07923230226
"a.temp",-6109853.16967925,-4144167.45919096,8137.7644725934,6971.41910312364,8583.12054158611,1286.07202418857
"a.temp",-6109853.16967925,-4145967.45919096,9843.43591493356,5228.48967785133,6924.30344737997,2934.41667992144
"a.temp",-6109853.16967925,-4150917.45919096,14650.880028565,1508.23052329535,3258.45565128635,7820.13786652147
"a.temp",-6109853.16967925,-4151067.45919096,14798.0275919261,1510.06434015237,3201.77579343089,7969.42853982662
"a.temp",-6109853.16967925,-4151217.45919096,14945.2318687736,1526.70537806083,3151.22249792046,8118.74536190187
"a.temp",-6109853.16967925,-4151367.45919096,15092.4911996465,1557.67914263494,3107.09482175876,8268.08691605278
"a.temp",-6109853.16967925,-4151517.45919096,15239.803988615,1602.15458411477,3069.66988964615,8417.45188589773
"a.temp",-6109853.16967925,-4151667.45919096,15387.1687002972,1659.04620532402,3039.19532629942,8566.83904666145
"a.temp",-6109853.16967925,-4151817.45919096,15534.5838570399,1727.12747398682,3015.88183312946,8716.24725735814
"a.temp",-6109853.16967925,-4151967.45919096,15682.0480362549,1805.13276835809,2999.8963701102,8865.67545376005
"a.temp",-6109703.16967925,-4144317.45919096,8331.35010735975,6793.49455813408,8496.95487992007,1496.25039729337
"a.temp",-6109703.16967925,-4145817.45919096,9745.24215252776,5332.15887904682,7124.71699307405,2834.80427038643
"a.temp",-6109703.16967925,-4150917.45919096,14680.8764932958,1358.34764011271,3396.61334735056,7836.26857958576
"a.temp",-6109703.16967925,-4151067.45919096,14827.7263803796,1360.38351629231,3342.27725232364,7985.25768221684
"a.temp",-6109703.16967925,-4151217.45919096,14974.6387138858,1378.83222743011,3293.88102872585,8134.28394214286
"a.temp",-6109703.16967925,-4151367.45919096,15121.6116737405,1413.05106468236,3251.68990394228,8283.34535386538
"a.temp",-6109703.16967925,-4151517.45919096,15268.6435092121,1461.93307350234,3215.94810769705,8432.44005323508
"a.temp",-6109703.16967925,-4151667.45919096,15415.732535673,1524.06801403351,3186.87264122686,8581.56630525007
"a.temp",-6109703.16967925,-4151817.45919096,15562.8771315399,1597.91060807547,3164.64725228584,8730.72249309319
"a.temp",-6109703.16967925,-4151967.45919096,15710.075735381,1681.91953178509,3149.41696690044,8879.90710826433
"a.temp",-6109553.16967925,-4144317.45919096,8386.67059156393,6765.12507729143,8553.51923078434,1592.5810030892
"a.temp",-6109553.16967925,-4144467.45919096,8525.81835435188,6617.58659266333,8415.25556542388,1706.91219791782
"a.temp",-6109553.16967925,-4145667.45919096,9650.71285509023,5442.12571624341,7325.79048508747,2747.98639942069
"a.temp",-6109553.16967925,-4151067.45919096,14858.8801264229,1210.78169436107,3483.57090230701,8003.86714353775
"a.temp",-6109553.16967925,-4151217.45919096,15005.4874499766,1231.47363406608,3437.16470821521,8152.55323511617
"a.temp",-6109553.16967925,-4151367.45919096,15152.1611861611,1269.67015850573,3396.75377844791,8301.28660217217
"a.temp",-6109553.16967925,-4151517.45919096,15298.8994248412,1323.85698298571,3362.55427188919,8450.06474835568
"a.temp",-6109553.16967925,-4151667.45919096,15445.7003276448,1392.16820513905,3334.75729722573,8598.88534935798
"a.temp",-6109553.16967925,-4151817.45919096,15592.5621246608,1472.639572808,3313.52398986341,8747.74623839783
"a.temp",-6109553.16967925,-4151967.45919096,15739.4831113161,1563.39448361576,3298.98108988221,8896.64539314698
"a.temp",-6109553.16967925,-4152117.45919096,15886.4616454202,1662.74992449263,3291.21728717513,9045.58092393206
"a.temp",-6109403.16967925,-4144467.45919096,8582.50707027984,6591.87388467023,8475.02066259414,1804.46619569353
"a.temp",-6109403.16967925,-4144617.45919096,8721.11017080988,6443.86035784432,8338.15388628668,1917.89813373931
"a.temp",-6109403.16967925,-4145367.45919096,9419.36503228343,5705.34935927659,7661.19998638581,2542.53972464562
"a.temp",-6109403.16967925,-4145517.45919096,9559.95672643992,5558.01640078525,7527.47103823044,2675.20901078796
"a.temp",-6109403.16967925,-4151367.45919096,15184.1311115061,1128.01210605205,3542.2288507944,8321.89330930187
"a.temp",-6109403.16967925,-4151517.45919096,15330.5633494469,1188.67418218789,3509.44728289232,8470.30951331788
"a.temp",-6109403.16967925,-4151667.45919096,15477.0639208929,1264.31060716902,3482.82288257676,8618.78055477707
"a.temp",-6109403.16967925,-4151817.45919096,15623.6309035834,1352.41129520577,3462.49768684405,8767.3036477245
"a.temp",-6109403.16967925,-4151967.45919096,15770.2624458633,1450.70717631099,3448.58307590239,8915.87619089697
"a.temp",-6109253.16967925,-4142967.45919096,7291.49687042399,8057.77886960153,9918.01765633622,1377.06109210889
"a.temp",-6109253.16967925,-4144317.45919096,8504.17201210108,6718.08122244718,8673.32630721326,1807.32184499625
"a.temp",-6109253.16967925,-4144767.45919096,8917.17144678757,6272.49713522434,8265.7785012301,2129.11184567669
"a.temp",-6109253.16967925,-4145217.45919096,9333.59264224681,5827.59172483778,7862.86202545854,2490.94806276666
"a.temp",-6109253.16967925,-4145367.45919096,9473.08221284941,5679.4683123861,7729.71113505531,2617.6434538342
"a.temp",-6109253.16967925,-4151517.45919096,15363.6265774525,1057.49482807249,3656.59257115149,8493.15561210339
"a.temp",-6109253.16967925,-4151667.45919096,15509.8148477474,1141.85389231728,3631.04726372438,8641.23412779699
"a.temp",-6109253.16967925,-4151817.45919096,15656.0752301273,1238.69500338065,3611.55634476335,8789.37780797955
"a.temp",-6109253.16967925,-4151967.45919096,15802.4057222755,1345.3253552209,3598.2182023052,8937.58341227669
"a.temp",-6109103.16967925,-4143267.45919096,7626.7585258354,7743.65671445971,9695.83380795057,1522.60180329601
"a.temp",-6109103.16967925,-4143567.45919096,7892.34538089934,7445.15206771474,9419.75919179452,1577.27177474283
"a.temp",-6109103.16967925,-4143717.45919096,8026.0482562344,7295.94574482275,9282.27871976474,1624.81422058045
"a.temp",-6109103.16967925,-4143867.45919096,8160.31773961059,7146.77265004262,9145.19180943721,1684.41570029506
"a.temp",-6109103.16967925,-4144017.45919096,8295.12631678405,6997.63490840993,9008.51642788076,1754.8479282834
"a.temp",-6109103.16967925,-4144167.45919096,8430.44812636929,6848.53482953817,8872.27159364486,1834.86409616642
"a.temp",-6109103.16967925,-4144317.45919096,8566.25884569241,6699.47492803708,8736.47744983055,1923.2683773724
"a.temp",-6109103.16967925,-4144917.45919096,9113.95252409204,6103.69595502574,8198.25458444649,2340.49166873136
"a.temp",-6109103.16967925,-4145067.45919096,9251.88983999505,5954.88365221334,8065.06126643796,2456.65143058614
"a.temp",-6109103.16967925,-4150017.45919096,13944.2647927887,1219.95668423085,4336.67709558825,7047.61599772595
"a.temp",-6109103.16967925,-4150167.45919096,14089.2106099457,1106.26819144346,4262.6990547539,7194.17307627519
"a.temp",-6109103.16967925,-4150317.45919096,14234.261154391,1002.17977997944,4192.78406687011,7340.86924358437
"a.temp",-6109103.16967925,-4150467.45919096,14379.4132568546,910.9880961899,4127.13862517361,7487.69632473186
"a.temp",-6109103.16967925,-4151667.45919096,15543.9443389188,1026.73234652471,3779.41175732419,8666.22618279741
"a.temp",-6109103.16967925,-4151817.45919096,15689.8865710178,1133.45238603137,3760.68986110267,8813.94980989814
"a.temp",-6108953.16967925,-4143417.45919096,7830.11044694793,7580.90385847209,9617.30093276681,1690.59168677725
"a.temp",-6108953.16967925,-4144917.45919096,9174.3653519687,6086.90835411522,8267.75829541466,2440.3791204239
"a.temp",-6108953.16967925,-4149867.45919096,13839.4015264897,1262.18394515201,4542.28821536015,6935.71951937236
"a.temp",-6108953.16967925,-4150617.45919096,14562.6477541485,704.118819092188,4204.34979888686,7665.85808969896
"a.temp",-6108953.16967925,-4151667.45919096,15579.4433344522,921.698601170777,3927.90048644316,8693.73482752973
"a.temp",-6108953.16967925,-4151817.45919096,15725.0561083707,1039.26094480656,3909.88966997797,8840.99882656951
"a.temp",-6108803.16967925,-4144917.45919096,9236.81918256516,6073.77990310792,8339.38104606079,2545.19139779328
"a.temp",-6108803.16967925,-4150767.45919096,14746.6570317278,501.664540704099,4290.66908901165,7845.70992653967
"a.temp",-6108803.16967925,-4150917.45919096,14891.347441095,460.654221081182,4242.48467662526,7991.70815604544
"a.temp",-6108803.16967925,-4151067.45919096,15036.1419124523,466.623307819023,4199.1083852885,8137.85194332038
"a.temp",-6108803.16967925,-4151217.45919096,15181.0374682169,517.950105125989,4160.69059549016,8284.13358483573
"a.temp",-6108803.16967925,-4151367.45919096,15326.0312413686,603.16441489869,4127.36977158581,8430.54590470886
"a.temp",-6108803.16967925,-4151667.45919096,15616.3024948739,830.588533149953,4076.49987506444,8723.73625526376
"a.temp",-6108803.16967925,-4151817.45919096,15761.574750367,959.381212761771,4059.14846136483,8870.50219837657
"a.temp",-6108653.16967925,-4144917.45919096,9301.27290274851,6064.33436672135,8413.0687166692,2654.34516432979
"a.temp",-6108653.16967925,-4149717.45919096,13780.435320098,1293.54988747999,4876.72484680033,6870.01224536047
"a.temp",-6108653.16967925,-4151517.45919096,15509.6878631198,624.252602237393,4247.17143889911,8610.10384672586
"a.temp",-6108653.16967925,-4151667.45919096,15654.512212503,758.436755043038,4225.1982475856,8756.20484293301
"a.temp",-6108653.16967925,-4151817.45919096,15799.4331420911,897.642084240856,4208.45995958147,8902.43552357463
"a.temp",-6108503.16967925,-4144767.45919096,9233.91529154365,6208.53970844978,8618.02409090378,2673.17456433375
"a.temp",-6108503.16967925,-4144917.45919096,9367.68523229745,6058.58897032946,8488.76753312269,2767.32673376329
"a.temp",-6108503.16967925,-4145067.45919096,9501.93988674964,5908.64073297724,8360.20389891287,2866.2400896298
"a.temp",-6108503.16967925,-4151817.45919096,15838.6216765035,857.968712366769,4357.8187469651,8936.77275370721
"a.temp",-6108353.16967925,-4144767.45919096,9303.2274298441,6206.55414150217,8694.5263373802,2793.45865396303
"a.temp",-6108353.16967925,-4144917.45919096,9436.01481619247,6056.55424407292,8566.42417998303,2883.68622623908
"a.temp",-6108353.16967925,-4145067.45919096,9569.3108744258,5906.55435185335,8439.04367990817,2978.73819786182
"a.temp",-6108353.16967925,-4151667.45919096,15734.9436164038,693.487066498184,4522.85288633186,8828.43254781977
"a.temp",-6108353.16967925,-4151817.45919096,15879.1305055222,843.480474818661,4507.22012235929,8973.48629304149
"a.temp",-6108203.16967925,-4144617.45919096,9243.18963407133,6358.15447369735,8900.58437583723,2835.26458225699
"a.temp",-6108203.16967925,-4151667.45919096,15777.1448497948,708.006575817117,4671.79272136516,8868.13228653044
"a.temp",-6108203.16967925,-4151817.45919096,15920.9495511859,855.457954197829,4656.65998666432,9012.54710120305
"a.temp",-6108053.16967925,-4144617.45919096,9317.26374057339,6363.29138979174,8979.69104320399,2964.16501757256
"a.temp",-6108053.16967925,-4151667.45919096,15820.6557579453,752.743190869437,4820.79829814529,8910.18065200721
"a.temp",-6108053.16967925,-4151817.45919096,15964.0685168727,892.836665577953,4806.13474960915,9053.92479819684
"a.temp",-6107903.16967925,-4144617.45919096,9393.14923821631,6371.95623897384,9060.5905012531,3094.96740716295
"a.temp",-6107903.16967925,-4151667.45919096,15865.4655655422,822.782663526842,4969.8637035034,8954.54455856933
"a.temp",-6107903.16967925,-4151817.45919096,16008.4768985499,952.631256783222,4955.64125329917,9097.5877710195
"a.temp",-6107903.16967925,-4151967.45919096,16151.6150155768,1087.67702531608,4945.92915753963,9240.85159773728
"a.temp",-6107903.16967925,-4152117.45919096,16294.8765755193,1226.2040251934,4940.75401445981,9384.32593484496
"a.temp",-6107903.16967925,-4152267.45919096,16438.2583509144,1367.15445777006,4940.13008243718,9528.00127263865
"a.temp",-6107903.16967925,-4152417.45919096,16581.7572232682,1509.84976451321,4944.05908453781,9671.86865354384
"a.temp",-6107753.16967925,-4144767.45919096,9598.9289304278,6234.79833766881,9019.01237560954,3299.03125953681
"a.temp",-6107753.16967925,-4151817.45919096,16054.1639960294,1030.94874334295,5105.17670912581,9143.50328109547
"a.temp",-6107753.16967925,-4151967.45919096,16196.8983639278,1156.88820177252,5095.74962408875,9286.05875769714
"a.temp",-6107753.16967925,-4152117.45919096,16339.7628994856,1287.99274508846,5090.7267881316,9428.84522364238
"a.temp",-6107753.16967925,-4152267.45919096,16482.7542180124,1422.83530719496,5090.12123936167,9571.85234170502
"a.temp",-6107753.16967925,-4152417.45919096,16625.8690483056,1560.44715110786,5093.93455311323,9715.07036780506
"a.temp",-6107753.16967925,-4152567.45919096,16769.104228056,1700.15596678678,5102.15682152175,9858.49011012356
"a.temp",-6107603.16967925,-4144617.45919096,9550.18065857415,6399.80658390531,9227.57813466773,3361.38680478772
